[
  {
    "nom": "Laura",
    "cognom": "García",
    "edat": 25,
    "pes": 60.5,
    "altura": 165,
    "subscripcio": "Mensual",
    "rutina": ["Cardio", "Abdominals", "Pes lliure"],
    "assistencia": ["2026-01-02", "2026-01-04", "2026-01-06"],
    "objectius": "Perdre pes"
  },
  {
    "nom": "Marc",
    "cognom": "López",
    "edat": 30,
    "pes": 78.2,
    "altura": 175,
    "subscripcio": "Anual",
    "rutina": ["Pes lliure", "CrossFit"],
    "assistencia": ["2026-01-01", "2026-01-03", "2026-01-05"],
    "objectius": "Guanyar massa muscular"
  },
  {
    "nom": "Anna",
    "cognom": "Martí",
    "edat": 22,
    "pes": 55,
    "altura": 160,
    "subscripcio": "Trimestral",
    "rutina": ["Cardio", "Ioga"],
    "assistencia": ["2026-01-02", "2026-01-05"],
    "objectius": "Tonificar"
  },
  {
    "nom": "Joan",
    "cognom": "Pérez",
    "edat": 28,
    "pes": 82,
    "altura": 180,
    "subscripcio": "Mensual",
    "rutina": ["CrossFit", "Pes lliure"],
    "assistencia": ["2026-01-01", "2026-01-03", "2026-01-06"],
    "objectius": "Guanyar massa muscular"
  },
  {
    "nom": "Clara",
    "cognom": "Soler",
    "edat": 26,
    "pes": 63,
    "altura": 168,
    "subscripcio": "Anual",
    "rutina": ["Ioga", "Cardio"],
    "assistencia": ["2026-01-02", "2026-01-04"],
    "objectius": "Perdre pes"
  },
  {
    "nom": "David",
    "cognom": "Vidal",
    "edat": 35,
    "pes": 90,
    "altura": 185,
    "subscripcio": "Mensual",
    "rutina": ["Pes lliure", "CrossFit"],
    "assistencia": ["2026-01-01", "2026-01-05", "2026-01-06"],
    "objectius": "Guanyar massa muscular"
  },
  {
    "nom": "Marta",
    "cognom": "Ruiz",
    "edat": 24,
    "pes": 58,
    "altura": 162,
    "subscripcio": "Trimestral",
    "rutina": ["Cardio", "Abdominals"],
    "assistencia": ["2026-01-03", "2026-01-06"],
    "objectius": "Perdre pes"
  },
  {
    "nom": "Pau",
    "cognom": "Fernández",
    "edat": 27,
    "pes": 80,
    "altura": 178,
    "subscripcio": "Mensual",
    "rutina": ["Pes lliure", "CrossFit"],
    "assistencia": ["2026-01-02", "2026-01-04", "2026-01-06"],
    "objectius": "Guanyar massa muscular"
  },
  {
    "nom": "Laia",
    "cognom": "Miró",
    "edat": 21,
    "pes": 54,
    "altura": 159,
    "subscripcio": "Trimestral",
    "rutina": ["Ioga", "Cardio"],
    "assistencia": ["2026-01-01", "2026-01-03"],
    "objectius": "Tonificar"
  },
  {
    "nom": "Oriol",
    "cognom": "Torres",
    "edat": 32,
    "pes": 88,
    "altura": 182,
    "subscripcio": "Anual",
    "rutina": ["CrossFit", "Pes lliure"],
    "assistencia": ["2026-01-01", "2026-01-04"],
    "objectius": "Guanyar massa muscular"
  },
  {
    "nom": "Gemma",
    "cognom": "Ribas",
    "edat": 23,
    "pes": 57,
    "altura": 161,
    "subscripcio": "Mensual",
    "rutina": ["Cardio", "Ioga"],
    "assistencia": ["2026-01-02", "2026-01-05"],
    "objectius": "Perdre pes"
  },
  {
    "nom": "Eric",
    "cognom": "Navarro",
    "edat": 29,
    "pes": 85,
    "altura": 180,
    "subscripcio": "Trimestral",
    "rutina": ["Pes lliure", "CrossFit"],
    "assistencia": ["2026-01-01", "2026-01-03", "2026-01-06"],
    "objectius": "Guanyar massa muscular"
  },
  {
    "nom": "Sara",
    "cognom": "Vila",
    "edat": 26,
    "pes": 62,
    "altura": 167,
    "subscripcio": "Mensual",
    "rutina": ["Cardio", "Abdominals"],
    "assistencia": ["2026-01-02", "2026-01-04"],
    "objectius": "Tonificar"
  },
  {
    "nom": "Albert",
    "cognom": "Solé",
    "edat": 31,
    "pes": 90,
    "altura": 184,
    "subscripcio": "Anual",
    "rutina": ["Pes lliure", "CrossFit"],
    "assistencia": ["2026-01-01", "2026-01-03", "2026-01-05"],
    "objectius": "Guanyar massa muscular"
  },
  {
    "nom": "Núria",
    "cognom": "Font",
    "edat": 24,
    "pes": 59,
    "altura": 164,
    "subscripcio": "Trimestral",
    "rutina": ["Ioga", "Cardio"],
    "assistencia": ["2026-01-02", "2026-01-06"],
    "objectius": "Perdre pes"
  },
  {
    "nom": "Hugo",
    "cognom": "Campos",
    "edat": 28,
    "pes": 82,
    "altura": 179,
    "subscripcio": "Mensual",
    "rutina": ["CrossFit", "Pes lliure"],
    "assistencia": ["2026-01-01", "2026-01-04", "2026-01-06"],
    "objectius": "Guanyar massa muscular"
  },
  {
    "nom": "Paula",
    "cognom": "Riera",
    "edat": 22,
    "pes": 55,
    "altura": 160,
    "subscripcio": "Trimestral",
    "rutina": ["Cardio", "Ioga"],
    "assistencia": ["2026-01-03", "2026-01-05"],
    "objectius": "Tonificar"
  },
  {
    "nom": "Iván",
    "cognom": "Cabrera",
    "edat": 33,
    "pes": 87,
    "altura": 183,
    "subscripcio": "Anual",
    "rutina": ["Pes lliure", "CrossFit"],
    "assistencia": ["2026-01-01", "2026-01-03", "2026-01-06"],
    "objectius": "Guanyar massa muscular"
  },
  {
    "nom": "Carla",
    "cognom": "Mas",
    "edat": 25,
    "pes": 61,
    "altura": 165,
    "subscripcio": "Mensual",
    "rutina": ["Cardio", "Abdominals"],
    "assistencia": ["2026-01-02", "2026-01-05"],
    "objectius": "Perdre pes"
  },
  {
    "nom": "Roger",
    "cognom": "Prats",
    "edat": 27,
    "pes": 80,
    "altura": 178,
    "subscripcio": "Trimestral",
    "rutina": ["CrossFit", "Pes lliure"],
    "assistencia": ["2026-01-01", "2026-01-03", "2026-01-06"],
    "objectius": "Guanyar massa muscular"
  },
  {
    "nom": "Mireia",
    "cognom": "Ferrer",
    "edat": 23,
    "pes": 56,
    "altura": 162,
    "subscripcio": "Trimestral",
    "rutina": ["Ioga", "Cardio"],
    "assistencia": ["2026-01-02", "2026-01-04"],
    "objectius": "Perdre pes"
  },
  {
    "nom": "Jordi",
    "cognom": "Giralt",
    "edat": 30,
    "pes": 85,
    "altura": 182,
    "subscripcio": "Mensual",
    "rutina": ["Pes lliure", "CrossFit"],
    "assistencia": ["2026-01-01", "2026-01-04", "2026-01-05"],
    "objectius": "Guanyar massa muscular"
  },
  {
    "nom": "Nerea",
    "cognom": "Climent",
    "edat": 26,
    "pes": 63,
    "altura": 167,
    "subscripcio": "Anual",
    "rutina": ["Cardio", "Abdominals"],
    "assistencia": ["2026-01-02", "2026-01-06"],
    "objectius": "Tonificar"
  },
  {
    "nom": "Alex",
    "cognom": "Vives",
    "edat": 28,
    "pes": 83,
    "altura": 180,
    "subscripcio": "Mensual",
    "rutina": ["CrossFit", "Pes lliure"],
    "assistencia": ["2026-01-01", "2026-01-03", "2026-01-06"],
    "objectius": "Guanyar massa muscular"
  }
]
